	0	1	2	3	4	5	6	7
272873	CASTKVGMNTEAFF	TCRBV02-01	TCRBJ01-01	Sbj_14	2	2017	day7	active
272874	CASRHSHNMNTEAFF	TCRBV03	TCRBJ01-01	Sbj_14	2	2017	day7	active
272875	CASSQELTAKAFF	TCRBV03	TCRBJ01-01	Sbj_14	1	2017	day7	active
272876	CASSRQGGTTEAFF	TCRBV03	TCRBJ01-01	Sbj_14	1	2017	day7	active
272877	CASTGEGDYTEAFF	TCRBV03	TCRBJ01-01	Sbj_14	4	2017	day7	active
272878	CASSQGLGTEAFF	TCRBV04-01	TCRBJ01-01	Sbj_14	2	2017	day7	active
272879	CASSFDRVNTEAFF	TCRBV05-01	TCRBJ01-01	Sbj_14	1	2017	day7	active
272880	CASSFRTNTEAFF	TCRBV05-01	TCRBJ01-01	Sbj_14	2	2017	day7	active
272881	CASSLGAGTEAFF	TCRBV05-01	TCRBJ01-01	Sbj_14	1	2017	day7	active
272882	CASSLLVGGQPNTEAFF	TCRBV05-01	TCRBJ01-01	Sbj_14	1	2017	day7	active
272883	CASSLRRANTEAFF	TCRBV05-04	TCRBJ01-01	Sbj_14	1	2017	day7	active
272884	CASSFGADAFF	TCRBV05-08	TCRBJ01-01	Sbj_14	1	2017	day7	active
272885	CASSYSSQGAVGWHSEAFF	TCRBV06	TCRBJ01-01	Sbj_14	1	2017	day7	active
272886	CASCQVDGMNTEAFF	TCRBV06-01	TCRBJ01-01	Sbj_14	1	2017	day7	active
272887	CASRIEGADTEAFF	TCRBV06-01	TCRBJ01-01	Sbj_14	1	2017	day7	active
272888	CASSENRGLGGTEAFF	TCRBV06-01	TCRBJ01-01	Sbj_14	2	2017	day7	active
272889	CASSDEKNTEAFF	TCRBV06-04	TCRBJ01-01	Sbj_14	1	2017	day7	active
272890	CASSYEESGNTEAFF	TCRBV06-05	TCRBJ01-01	Sbj_14	1	2017	day7	active
272891	CASTPRPVDTEAFF	TCRBV06-05	TCRBJ01-01	Sbj_14	1	2017	day7	active
272892	CASSARGGETEAFF	TCRBV06-06	TCRBJ01-01	Sbj_14	1	2017	day7	active
272893	CASSFPAGEGTEAFF	TCRBV06-06	TCRBJ01-01	Sbj_14	2	2017	day7	active
272894	CASSLGATTEAFF	TCRBV07-02	TCRBJ01-01	Sbj_14	1	2017	day7	active
272895	CASSLQVSNTEAFF	TCRBV07-02	TCRBJ01-01	Sbj_14	1	2017	day7	active
272896	CASSLNGNTEAFF	TCRBV07-03	TCRBJ01-01	Sbj_14	1	2017	day7	active
272897	CASSPLRGTNTEAFF	TCRBV07-06	TCRBJ01-01	Sbj_14	2	2017	day7	active
272898	CASSSRRLEAFF	TCRBV07-09	TCRBJ01-01	Sbj_14	3	2017	day7	active
272899	CASSVASQGAEAFF	TCRBV09-01	TCRBJ01-01	Sbj_14	1	2017	day7	active
272900	CASSVDGMNTEAFF	TCRBV09-01	TCRBJ01-01	Sbj_14	1	2017	day7	active
272901	CASSVHTEAFF	TCRBV10-02	TCRBJ01-01	Sbj_14	1	2017	day7	active
272902	CAIRGTGNTEAFF	TCRBV10-03	TCRBJ01-01	Sbj_14	1	2017	day7	active
272903	CASSLKTTVNTEAFF	TCRBV11-02	TCRBJ01-01	Sbj_14	2	2017	day7	active
272904	CASSFDSDTEAFF	TCRBV11-03	TCRBJ01-01	Sbj_14	1	2017	day7	active
272905	CASSLQGKNTEAFF	TCRBV11-03	TCRBJ01-01	Sbj_14	2	2017	day7	active
272906	CASSSGTASMNTEAFF	TCRBV11-03	TCRBJ01-01	Sbj_14	1	2017	day7	active
272907	CASSLAPRGDTEAFF	TCRBV12	TCRBJ01-01	Sbj_14	2	2017	day7	active
272908	CASSLNQRDTEAFF	TCRBV12	TCRBJ01-01	Sbj_14	1	2017	day7	active
272909	CASSRILVNTEAFF	TCRBV12	TCRBJ01-01	Sbj_14	1	2017	day7	active
272910	CASSSGDRHNTEAFF	TCRBV12	TCRBJ01-01	Sbj_14	3	2017	day7	active
272911	CASSSPDRGVTEAFF	TCRBV12	TCRBJ01-01	Sbj_14	1	2017	day7	active
272912	CASSSPLKAFF	TCRBV12	TCRBJ01-01	Sbj_14	2	2017	day7	active
272913	CASSHSETEAFF	TCRBV16-01	TCRBJ01-01	Sbj_14	1	2017	day7	active
272914	CASSIQTGTEAFF	TCRBV19-01	TCRBJ01-01	Sbj_14	1	2017	day7	active
272915	CASSPRRVVAEAFF	TCRBV19-01	TCRBJ01-01	Sbj_14	1	2017	day7	active
272916	CASTEAAQGETEAFF	TCRBV19-01	TCRBJ01-01	Sbj_14	1	2017	day7	active
272917	CSAKSSGLNTEAFF	TCRBV20	TCRBJ01-01	Sbj_14	1	2017	day7	active
272918	CSARDGGNPNTEAFF	TCRBV20	TCRBJ01-01	Sbj_14	4	2017	day7	active
272919	CSARETTGVTEAFF	TCRBV20	TCRBJ01-01	Sbj_14	3	2017	day7	active
272920	CSARGAHGTNTEAFF	TCRBV20	TCRBJ01-01	Sbj_14	2	2017	day7	active
272921	CSARQGDMNTEAFF	TCRBV20	TCRBJ01-01	Sbj_14	1	2017	day7	active
272922	CATSASGIGATEAFF	TCRBV24	TCRBJ01-01	Sbj_14	1	2017	day7	active
272923	CASRYGTGSFGTEAFF	TCRBV27-01	TCRBJ01-01	Sbj_14	2	2017	day7	active
272924	CASSQDRGYAEAFF	TCRBV27-01	TCRBJ01-01	Sbj_14	1	2017	day7	active
272925	CASSSPLQNTEAFF	TCRBV27-01	TCRBJ01-01	Sbj_14	1	2017	day7	active
272926	CANRPFRDGDTEAFF	TCRBV28-01	TCRBJ01-01	Sbj_14	1	2017	day7	active
272927	CASRPPTDSNTEAFF	TCRBV28-01	TCRBJ01-01	Sbj_14	1	2017	day7	active
272928	CASSASWSGQGEAFF	TCRBV28-01	TCRBJ01-01	Sbj_14	1	2017	day7	active
272929	CASSIISGREAFF	TCRBV28-01	TCRBJ01-01	Sbj_14	1	2017	day7	active
272930	CASSSDGRNTEAFF	TCRBV28-01	TCRBJ01-01	Sbj_14	1	2017	day7	active
272931	CASSSDWAGGAFF	TCRBV28-01	TCRBJ01-01	Sbj_14	1	2017	day7	active
272932	CSAAGAVAEAFF	TCRBV29-01	TCRBJ01-01	Sbj_14	2	2017	day7	active
272933	CSAAGQLNTEAFF	TCRBV29-01	TCRBJ01-01	Sbj_14	1	2017	day7	active
272934	CSVELGATEAFF	TCRBV29-01	TCRBJ01-01	Sbj_14	3	2017	day7	active
272935	CSVGGTGNTEAFF	TCRBV29-01	TCRBJ01-01	Sbj_14	1	2017	day7	active
272936	CSVGSPGMNTEAFF	TCRBV29-01	TCRBJ01-01	Sbj_14	1	2017	day7	active
272937	CAWILEVNTEAFF	TCRBV30-01	TCRBJ01-01	Sbj_14	1	2017	day7	active
272938	CAWSGQSNTEAFF	TCRBV30-01	TCRBJ01-01	Sbj_14	1	2017	day7	active
272939	CAWSVRGRDRSTEAFF	TCRBV30-01	TCRBJ01-01	Sbj_14	2	2017	day7	active
272940	CANREGEGYGYTF	TCRBV02-01	TCRBJ01-02	Sbj_14	1	2017	day7	active
272941	CASREGEGYGYTF	TCRBV02-01	TCRBJ01-02	Sbj_14	4	2017	day7	active
272942	CASSAGWDGYTF	TCRBV02-01	TCRBJ01-02	Sbj_14	2	2017	day7	active
272943	CASSGGQGPNYGYTF	TCRBV02-01	TCRBJ01-02	Sbj_14	1	2017	day7	active
272944	CASSLRDSYGYTF	TCRBV04-01	TCRBJ01-02	Sbj_14	1	2017	day7	active
272945	CASSQTRDTGYTF	TCRBV04-02	TCRBJ01-02	Sbj_14	1	2017	day7	active
272946	CASSHGSDRSYGYTF	TCRBV04-03	TCRBJ01-02	Sbj_14	1	2017	day7	active
272947	CASSQGIQGVYTF	TCRBV04-03	TCRBJ01-02	Sbj_14	3	2017	day7	active
272948	CASSQYSGAGYTF	TCRBV04-03	TCRBJ01-02	Sbj_14	1	2017	day7	active
272949	CASSLASGRVDHGYTF	TCRBV05-01	TCRBJ01-02	Sbj_14	1	2017	day7	active
272950	CASSLDGKGYTF	TCRBV05-01	TCRBJ01-02	Sbj_14	1	2017	day7	active
272951	CASSLDGMYGYTF	TCRBV05-01	TCRBJ01-02	Sbj_14	1	2017	day7	active
272952	CASSPGPDYGYTF	TCRBV05-01	TCRBJ01-02	Sbj_14	1	2017	day7	active
272953	CASSQGQGSSHGYTF	TCRBV05-04	TCRBJ01-02	Sbj_14	2	2017	day7	active
272954	CASSTQTGASLGDGYTF	TCRBV05-04	TCRBJ01-02	Sbj_14	1	2017	day7	active
272955	CASSLPQSGYTF	TCRBV05-06	TCRBJ01-02	Sbj_14	1	2017	day7	active
272956	CASSLVRVTYGYTF	TCRBV05-06	TCRBJ01-02	Sbj_14	1	2017	day7	active
272957	CASRDPGTGSHPANYGYTF	TCRBV06	TCRBJ01-02	Sbj_14	1	2017	day7	active
272958	CASRTTVGLANYGYTF	TCRBV06	TCRBJ01-02	Sbj_14	5	2017	day7	active
272959	CASSMPYYPYGYTF	TCRBV06	TCRBJ01-02	Sbj_14	1	2017	day7	active
272960	CASSPFGRVNYGYTF	TCRBV06	TCRBJ01-02	Sbj_14	8	2017	day7	active
272961	CASSSNYGYTF	TCRBV06	TCRBJ01-02	Sbj_14	2	2017	day7	active
272962	CASSYPPRVPFYGYTF	TCRBV06	TCRBJ01-02	Sbj_14	1	2017	day7	active
272963	CASSYSGLDGYTF	TCRBV06	TCRBJ01-02	Sbj_14	3	2017	day7	active
272964	CASEWTEYYGYTF	TCRBV06-01	TCRBJ01-02	Sbj_14	7	2017	day7	active
272965	CASSAVAGGAEGYTF	TCRBV06-01	TCRBJ01-02	Sbj_14	1	2017	day7	active
272966	CASSEAGRANYGYTF	TCRBV06-01	TCRBJ01-02	Sbj_14	1	2017	day7	active
272967	CASSEAVRSNYGYTF	TCRBV06-01	TCRBJ01-02	Sbj_14	1	2017	day7	active
272968	CASSEEGRKSRGYTF	TCRBV06-01	TCRBJ01-02	Sbj_14	1	2017	day7	active
272969	CASSETGDLNYGYTF	TCRBV06-01	TCRBJ01-02	Sbj_14	2	2017	day7	active
272970	CASSGQSNYGYTF	TCRBV06-01	TCRBJ01-02	Sbj_14	1	2017	day7	active
272971	CASSPGLASDGYTF	TCRBV06-01	TCRBJ01-02	Sbj_14	1	2017	day7	active
272972	CASSPNRGQGRGYTF	TCRBV06-01	TCRBJ01-02	Sbj_14	2	2017	day7	active
272973	CASSETDGYTF	TCRBV06-04	TCRBJ01-02	Sbj_14	4	2017	day7	active
272974	CASSRGTGNPYGYTF	TCRBV06-04	TCRBJ01-02	Sbj_14	1	2017	day7	active
272975	CAARRQYGYTF	TCRBV06-05	TCRBJ01-02	Sbj_14	2	2017	day7	active
272976	CASMSQGRGGYTF	TCRBV06-05	TCRBJ01-02	Sbj_14	1	2017	day7	active
272977	CASRGGNYGYTF	TCRBV06-05	TCRBJ01-02	Sbj_14	4	2017	day7	active
272978	CASRKIGANYGYTF	TCRBV06-05	TCRBJ01-02	Sbj_14	2	2017	day7	active
272979	CASSYEGTGYTF	TCRBV06-05	TCRBJ01-02	Sbj_14	2	2017	day7	active
272980	CASSYSVTDNYGYTF	TCRBV06-05	TCRBJ01-02	Sbj_14	1	2017	day7	active
272981	CASTPLGGAEGYTF	TCRBV06-05	TCRBJ01-02	Sbj_14	2	2017	day7	active
272982	CASTQNRDRVGGYTF	TCRBV06-05	TCRBJ01-02	Sbj_14	1	2017	day7	active
272983	CASSYGRDGYTF	TCRBV06-06	TCRBJ01-02	Sbj_14	3	2017	day7	active
272984	CASSYSDANYGYTF	TCRBV06-06	TCRBJ01-02	Sbj_14	1	2017	day7	active
272985	CASSQGRPYGPPYGSTF	TCRBV06-09	TCRBJ01-02	Sbj_14	1	2017	day7	active
272986	CASRKGGVDYGYTF	TCRBV07-02	TCRBJ01-02	Sbj_14	1	2017	day7	active
272987	CASSLDSSGIGYTF	TCRBV07-02	TCRBJ01-02	Sbj_14	1	2017	day7	active
272988	CASSLGHGGYGYTF	TCRBV07-02	TCRBJ01-02	Sbj_14	1	2017	day7	active
272989	CASSLGQGAYGYTF	TCRBV07-02	TCRBJ01-02	Sbj_14	1	2017	day7	active
272990	CASSPITGQGDGYTF	TCRBV07-02	TCRBJ01-02	Sbj_14	1	2017	day7	active
272991	CASSSTGALSGYTF	TCRBV07-02	TCRBJ01-02	Sbj_14	1	2017	day7	active
272992	CASTLGQGYGYTF	TCRBV07-02	TCRBJ01-02	Sbj_14	2	2017	day7	active
272993	CASSPGGWGMAGYTF	TCRBV07-06	TCRBJ01-02	Sbj_14	1	2017	day7	active
272994	CASSLVGDGYTF	TCRBV07-08	TCRBJ01-02	Sbj_14	1	2017	day7	active
272995	CASSLAGGGTSPYTF	TCRBV07-09	TCRBJ01-02	Sbj_14	1	2017	day7	active
272996	CASSLGSQRNNYGYTF	TCRBV07-09	TCRBJ01-02	Sbj_14	3	2017	day7	active
272997	CASSEDRVMYGYTF	TCRBV09-01	TCRBJ01-02	Sbj_14	1	2017	day7	active
272998	CASSVGRIQTYGYTF	TCRBV09-01	TCRBJ01-02	Sbj_14	1	2017	day7	active
272999	CAIKREDGYGYTF	TCRBV10-03	TCRBJ01-02	Sbj_14	1	2017	day7	active
273000	CASMQREFDYGYTF	TCRBV12	TCRBJ01-02	Sbj_14	1	2017	day7	active
273001	CASRTDDNYGYTF	TCRBV12	TCRBJ01-02	Sbj_14	1	2017	day7	active
273002	CASSLDGLEGYTF	TCRBV12	TCRBJ01-02	Sbj_14	1	2017	day7	active
273003	CASSLGGWGYTF	TCRBV12	TCRBJ01-02	Sbj_14	2	2017	day7	active
273004	CASSPLTYGYTF	TCRBV12	TCRBJ01-02	Sbj_14	2	2017	day7	active
273005	CASSPTGKVYGYTF	TCRBV12	TCRBJ01-02	Sbj_14	1	2017	day7	active
273006	CASTLPGTQKYTF	TCRBV12	TCRBJ01-02	Sbj_14	1	2017	day7	active
273007	CASGKEYGYTF	TCRBV12-05	TCRBJ01-02	Sbj_14	2	2017	day7	active
273008	CASSQLGLGGNYGYTF	TCRBV14-01	TCRBJ01-02	Sbj_14	1	2017	day7	active
273009	CATSRDSWGGGYTF	TCRBV15-01	TCRBJ01-02	Sbj_14	1	2017	day7	active
273010	CASSTLPSAGDGYTF	TCRBV18-01	TCRBJ01-02	Sbj_14	1	2017	day7	active
273011	CASARFGGLDYGYTF	TCRBV19-01	TCRBJ01-02	Sbj_14	1	2017	day7	active
273012	CASSIGAGTDGYTF	TCRBV19-01	TCRBJ01-02	Sbj_14	1	2017	day7	active
273013	CASSKGGELSGYTF	TCRBV19-01	TCRBJ01-02	Sbj_14	3	2017	day7	active
273014	CASSRPHRKLRNYGYTF	TCRBV19-01	TCRBJ01-02	Sbj_14	2	2017	day7	active
273015	CASTRRDTWYYGYTF	TCRBV19-01	TCRBJ01-02	Sbj_14	1	2017	day7	active
273016	CSARAQELNYGYTF	TCRBV20	TCRBJ01-02	Sbj_14	1	2017	day7	active
273017	CSARDDREMYGYTF	TCRBV20	TCRBJ01-02	Sbj_14	1	2017	day7	active
273018	CSAREDRGGYGYTF	TCRBV20	TCRBJ01-02	Sbj_14	2	2017	day7	active
273019	CSARGPPSVYGYTF	TCRBV20	TCRBJ01-02	Sbj_14	1	2017	day7	active
273020	CSARNTNTGYGYTF	TCRBV20	TCRBJ01-02	Sbj_14	1	2017	day7	active
273021	CSGTTLQGFNGYTF	TCRBV20	TCRBJ01-02	Sbj_14	1	2017	day7	active
273022	CSVPVIGAGYTF	TCRBV20	TCRBJ01-02	Sbj_14	1	2017	day7	active
273023	CATSTDREHYGYTF	TCRBV24	TCRBJ01-02	Sbj_14	2	2017	day7	active
273024	CASSARRALGYTF	TCRBV27-01	TCRBJ01-02	Sbj_14	1	2017	day7	active
273025	CASSPARDSIWGYTF	TCRBV27-01	TCRBJ01-02	Sbj_14	1	2017	day7	active
273026	CASRTGNNYGYTF	TCRBV28-01	TCRBJ01-02	Sbj_14	1	2017	day7	active
273027	CASRVGGPVAGYTF	TCRBV28-01	TCRBJ01-02	Sbj_14	1	2017	day7	active
273028	CASSFGDRTGYGYTF	TCRBV28-01	TCRBJ01-02	Sbj_14	1	2017	day7	active
273029	CASSLGTVYGYTF	TCRBV28-01	TCRBJ01-02	Sbj_14	1	2017	day7	active
273030	CASSLSGGSGYTF	TCRBV28-01	TCRBJ01-02	Sbj_14	1	2017	day7	active
273031	CASSPGGRNYGYTF	TCRBV28-01	TCRBJ01-02	Sbj_14	1	2017	day7	active
273032	CASSQNGTPRNGYTF	TCRBV28-01	TCRBJ01-02	Sbj_14	2	2017	day7	active
273033	CASSSPAGGNYGYTF	TCRBV28-01	TCRBJ01-02	Sbj_14	1	2017	day7	active
273034	CASTSAGGNGYTF	TCRBV28-01	TCRBJ01-02	Sbj_14	1	2017	day7	active
273035	CASVIQGARGYTF	TCRBV28-01	TCRBJ01-02	Sbj_14	1	2017	day7	active
273036	CSSLVGVAGYTF	TCRBV29-01	TCRBJ01-02	Sbj_14	3	2017	day7	active
273037	CSVADTRYGYTF	TCRBV29-01	TCRBJ01-02	Sbj_14	1	2017	day7	active
273038	CSVEDGTQNLYGYTF	TCRBV29-01	TCRBJ01-02	Sbj_14	1	2017	day7	active
273039	CSVEDPEGVGYTF	TCRBV29-01	TCRBJ01-02	Sbj_14	1	2017	day7	active
273040	CSVVAGKGYTF	TCRBV29-01	TCRBJ01-02	Sbj_14	2	2017	day7	active
273041	CAWSDRSYGYTF	TCRBV30-01	TCRBJ01-02	Sbj_14	2	2017	day7	active
273042	CASSAQGRNTIYF	TCRBV02-01	TCRBJ01-03	Sbj_14	2	2017	day7	active
273043	CASSLSGSGGNTIYF	TCRBV03	TCRBJ01-03	Sbj_14	2	2017	day7	active
273044	CASSNLHARNTIYF	TCRBV03	TCRBJ01-03	Sbj_14	1	2017	day7	active
273045	CASSQIGLGGEYSGNTIYF	TCRBV03	TCRBJ01-03	Sbj_14	1	2017	day7	active
273046	CASSQDAGAGNTIYF	TCRBV04-02	TCRBJ01-03	Sbj_14	2	2017	day7	active
273047	CASSQEGQSFSGNTIYF	TCRBV04-02	TCRBJ01-03	Sbj_14	1	2017	day7	active
273048	CASSLDGGTGNTIYF	TCRBV05-01	TCRBJ01-03	Sbj_14	1	2017	day7	active
273049	CASSLQGPSGNTIYF	TCRBV05-04	TCRBJ01-03	Sbj_14	2	2017	day7	active
273050	CASSLVGAGNTIYF	TCRBV05-04	TCRBJ01-03	Sbj_14	1	2017	day7	active
273051	CASSYSIWDRDASGNTIYF	TCRBV06	TCRBJ01-03	Sbj_14	1	2017	day7	active
273052	CASSDRTGGNTIYF	TCRBV06-01	TCRBJ01-03	Sbj_14	2	2017	day7	active
273053	CAATRGTGNTIYF	TCRBV06-05	TCRBJ01-03	Sbj_14	1	2017	day7	active
273054	CASRDGTGGNTIYF	TCRBV06-05	TCRBJ01-03	Sbj_14	4	2017	day7	active
273055	CASSRDGGSGNTIYF	TCRBV06-06	TCRBJ01-03	Sbj_14	1	2017	day7	active
273056	CASSSETSGNTIYF	TCRBV06-06	TCRBJ01-03	Sbj_14	1	2017	day7	active
273057	CASSIDRGTIYF	TCRBV07-02	TCRBJ01-03	Sbj_14	2	2017	day7	active
273058	CASSSMHSGNTIYF	TCRBV07-02	TCRBJ01-03	Sbj_14	1	2017	day7	active
273059	CASSAYSGNTIYF	TCRBV09-01	TCRBJ01-03	Sbj_14	1	2017	day7	active
273060	CASSLGTGNTIYF	TCRBV09-01	TCRBJ01-03	Sbj_14	7	2017	day7	active
273061	CASSNTGGGNTIYF	TCRBV09-01	TCRBJ01-03	Sbj_14	1	2017	day7	active
273062	CASSLVGYSGNTIYF	TCRBV11-01	TCRBJ01-03	Sbj_14	2	2017	day7	active
273063	CASSPSGNTIYF	TCRBV14-01	TCRBJ01-03	Sbj_14	1	2017	day7	active
273064	CASSPRALTGTIYF	TCRBV18-01	TCRBJ01-03	Sbj_14	2	2017	day7	active
273065	CASSRDRAEGNTIYF	TCRBV18-01	TCRBJ01-03	Sbj_14	1	2017	day7	active
273066	CASKIEVTGNTIYF	TCRBV19-01	TCRBJ01-03	Sbj_14	3	2017	day7	active
273067	CASMKGGISGNTIYF	TCRBV19-01	TCRBJ01-03	Sbj_14	1	2017	day7	active
273068	CASSLGADGNTIYF	TCRBV19-01	TCRBJ01-03	Sbj_14	2	2017	day7	active
273069	CSARAYPERPGNTIYF	TCRBV20	TCRBJ01-03	Sbj_14	1	2017	day7	active
273070	CSARLGVTTIYF	TCRBV20	TCRBJ01-03	Sbj_14	2	2017	day7	active
273071	CASSLDGVGTGNTIYF	TCRBV27-01	TCRBJ01-03	Sbj_14	2	2017	day7	active
273072	CSVSDRGLGNTIYF	TCRBV29-01	TCRBJ01-03	Sbj_14	2	2017	day7	active
273073	CAWRLIGNTIYF	TCRBV30-01	TCRBJ01-03	Sbj_14	2	2017	day7	active
273074	CASSQGLGQEKLFF	TCRBV04-03	TCRBJ01-04	Sbj_14	1	2017	day7	active
273075	CASSAVGGGLSNEKLFF	TCRBV05-01	TCRBJ01-04	Sbj_14	1	2017	day7	active
273076	CASSLFGTENEKLFF	TCRBV05-01	TCRBJ01-04	Sbj_14	1	2017	day7	active
273077	CASSLIGTGLEKLFF	TCRBV05-04	TCRBJ01-04	Sbj_14	2	2017	day7	active
273078	CASTPLGPDEKLFF	TCRBV05-05	TCRBJ01-04	Sbj_14	1	2017	day7	active
273079	CASGTVNNEKLFF	TCRBV05-06	TCRBJ01-04	Sbj_14	2	2017	day7	active
273080	CASSFRGGGEKLFF	TCRBV05-06	TCRBJ01-04	Sbj_14	1	2017	day7	active
273081	CASSYPPGGAANEKLFF	TCRBV06	TCRBJ01-04	Sbj_14	1	2017	day7	active
273082	CASCPGEANEKLFF	TCRBV06-01	TCRBJ01-04	Sbj_14	1	2017	day7	active
273083	CASRRQGAGEKLFF	TCRBV06-01	TCRBJ01-04	Sbj_14	2	2017	day7	active
273084	CASSETGSGNEKLFF	TCRBV06-01	TCRBJ01-04	Sbj_14	1	2017	day7	active
273085	CASRRHGEKLFF	TCRBV06-05	TCRBJ01-04	Sbj_14	2	2017	day7	active
273086	CASSFSATNEKLFF	TCRBV06-05	TCRBJ01-04	Sbj_14	1	2017	day7	active
273087	CASSGQGTNEKLFF	TCRBV06-05	TCRBJ01-04	Sbj_14	1	2017	day7	active
273088	CASSTTPLGQKLFF	TCRBV06-05	TCRBJ01-04	Sbj_14	1	2017	day7	active
273089	CASSPGSVSPKLFF	TCRBV06-06	TCRBJ01-04	Sbj_14	1	2017	day7	active
273090	CASSSPHRGNEKLFF	TCRBV06-06	TCRBJ01-04	Sbj_14	1	2017	day7	active
273091	CASSLTGRDNEKLFF	TCRBV07-03	TCRBJ01-04	Sbj_14	1	2017	day7	active
273092	CASSLEEKLFF	TCRBV07-09	TCRBJ01-04	Sbj_14	1	2017	day7	active
273093	CASISRRGNEKLFF	TCRBV09-01	TCRBJ01-04	Sbj_14	1	2017	day7	active
273094	CASSVGESSGKLFF	TCRBV09-01	TCRBJ01-04	Sbj_14	1	2017	day7	active
273095	CASSFGQGSEKLFF	TCRBV11-02	TCRBJ01-04	Sbj_14	1	2017	day7	active
273096	CASSQSRLNEKLFF	TCRBV16-01	TCRBJ01-04	Sbj_14	1	2017	day7	active
273097	CASSIVPDRAEKLFF	TCRBV19-01	TCRBJ01-04	Sbj_14	1	2017	day7	active
273098	CASSMGQGNEKLFF	TCRBV19-01	TCRBJ01-04	Sbj_14	1	2017	day7	active
273099	CSAGTGGQNEKLFF	TCRBV20	TCRBJ01-04	Sbj_14	2	2017	day7	active
273100	CSAREGGFGEKLFF	TCRBV20	TCRBJ01-04	Sbj_14	1	2017	day7	active
273101	CSASRDSATNEKLFF	TCRBV20	TCRBJ01-04	Sbj_14	1	2017	day7	active
273102	CSVCGKDEKLFF	TCRBV20	TCRBJ01-04	Sbj_14	1	2017	day7	active
273103	CASSLSLGYNEKLFF	TCRBV27-01	TCRBJ01-04	Sbj_14	1	2017	day7	active
273104	CASSFGTGYGEKLFF	TCRBV28-01	TCRBJ01-04	Sbj_14	1	2017	day7	active
273105	CASSGDTEKLFF	TCRBV28-01	TCRBJ01-04	Sbj_14	1	2017	day7	active
273106	CAWSIRGGGKLFF	TCRBV30-01	TCRBJ01-04	Sbj_14	1	2017	day7	active
273107	CAWSVAGGWGEKLFF	TCRBV30-01	TCRBJ01-04	Sbj_14	1	2017	day7	active
273108	CASSDGREQPQHF	TCRBV02-01	TCRBJ01-05	Sbj_14	1	2017	day7	active
273109	CASSENRGYFQPQHF	TCRBV02-01	TCRBJ01-05	Sbj_14	1	2017	day7	active
273110	CASSGQGAGSNQPQHF	TCRBV02-01	TCRBJ01-05	Sbj_14	2	2017	day7	active
273111	CASSPSQGPNQPQHF	TCRBV03	TCRBJ01-05	Sbj_14	1	2017	day7	active
273112	CASSQGTNQPQHF	TCRBV03	TCRBJ01-05	Sbj_14	2	2017	day7	active
273113	CASSQDKGSNQPQHF	TCRBV04-02	TCRBJ01-05	Sbj_14	1	2017	day7	active
273114	CASSQDLHQPQHF	TCRBV04-03	TCRBJ01-05	Sbj_14	1	2017	day7	active
273115	CASSLEGTGENQPQHF	TCRBV05-01	TCRBJ01-05	Sbj_14	2	2017	day7	active
273116	CASSLGPTGRNQPQHF	TCRBV05-01	TCRBJ01-05	Sbj_14	1	2017	day7	active
273117	CASSPDVNLPQHF	TCRBV05-04	TCRBJ01-05	Sbj_14	1	2017	day7	active
273118	CASSPTGIEGQPQHF	TCRBV05-05	TCRBJ01-05	Sbj_14	2	2017	day7	active
273119	CASSLRGARRQPQHF	TCRBV05-06	TCRBJ01-05	Sbj_14	2	2017	day7	active
273120	CASSSQSGTQQPQHF	TCRBV05-06	TCRBJ01-05	Sbj_14	1	2017	day7	active
273121	CASMTYSNQPQHF	TCRBV06	TCRBJ01-05	Sbj_14	1	2017	day7	active
273122	CASRPLGTGDNQPQHF	TCRBV06	TCRBJ01-05	Sbj_14	1	2017	day7	active
273123	CASSLDTGGFGNQPQHF	TCRBV06	TCRBJ01-05	Sbj_14	1	2017	day7	active
273124	CASSQPGQGLFGNQPQHF	TCRBV06	TCRBJ01-05	Sbj_14	1	2017	day7	active
273125	CASSYSYQPQHF	TCRBV06	TCRBJ01-05	Sbj_14	1	2017	day7	active
273126	CASIHTDGSNQPQHF	TCRBV06-01	TCRBJ01-05	Sbj_14	1	2017	day7	active
273127	CASSAGGDRNQPQHF	TCRBV06-01	TCRBJ01-05	Sbj_14	2	2017	day7	active
273128	CASSAQLGNQPQHF	TCRBV06-01	TCRBJ01-05	Sbj_14	1	2017	day7	active
273129	CASSDGFPGNQPQHF	TCRBV06-01	TCRBJ01-05	Sbj_14	1	2017	day7	active
273130	CASSEGRNQPQHF	TCRBV06-01	TCRBJ01-05	Sbj_14	1	2017	day7	active
273131	CASSEVMAHRAQHF	TCRBV06-01	TCRBJ01-05	Sbj_14	1	2017	day7	active
273132	CASSFRDSDGRPQHF	TCRBV06-01	TCRBJ01-05	Sbj_14	1	2017	day7	active
273133	CASSGTANQPQHF	TCRBV06-01	TCRBJ01-05	Sbj_14	1	2017	day7	active
273134	CASTDSWGGGQPQHF	TCRBV06-01	TCRBJ01-05	Sbj_14	1	2017	day7	active
273135	CASSATSSDQPQHF	TCRBV06-05	TCRBJ01-05	Sbj_14	1	2017	day7	active
273136	CASSLTGMGQPQHF	TCRBV06-05	TCRBJ01-05	Sbj_14	2	2017	day7	active
273137	CASSTDSDRPQHF	TCRBV06-05	TCRBJ01-05	Sbj_14	1	2017	day7	active
273138	CASSTVAGAEQPQHF	TCRBV06-05	TCRBJ01-05	Sbj_14	1	2017	day7	active
273139	CASSYGQYSNQPQHF	TCRBV06-05	TCRBJ01-05	Sbj_14	1	2017	day7	active
273140	CASSYTTGSDQPQHF	TCRBV06-05	TCRBJ01-05	Sbj_14	1	2017	day7	active
273141	CASRETGGRNQPQHF	TCRBV06-06	TCRBJ01-05	Sbj_14	1	2017	day7	active
273142	CASSPAPRQPQHF	TCRBV06-06	TCRBJ01-05	Sbj_14	1	2017	day7	active
273143	CASSLKDRGNQPQHF	TCRBV07-02	TCRBJ01-05	Sbj_14	1	2017	day7	active
273144	CASSLVGGTGSNQPQHF	TCRBV07-02	TCRBJ01-05	Sbj_14	1	2017	day7	active
273145	CASSPNTGYWPQHF	TCRBV07-02	TCRBJ01-05	Sbj_14	1	2017	day7	active
273146	CASSSQGSNQPQHF	TCRBV07-02	TCRBJ01-05	Sbj_14	1	2017	day7	active
273147	CASSDSGTGEQPQHF	TCRBV07-09	TCRBJ01-05	Sbj_14	1	2017	day7	active
273148	CASSFGGWDQPQHF	TCRBV07-09	TCRBJ01-05	Sbj_14	1	2017	day7	active
273149	CASSLVLGSNQPQHF	TCRBV07-09	TCRBJ01-05	Sbj_14	2	2017	day7	active
273150	CASSVSGRPGPSNQPQHF	TCRBV09-01	TCRBJ01-05	Sbj_14	1	2017	day7	active
273151	CTRVEKGREWQPQHF	TCRBV10-01	TCRBJ01-05	Sbj_14	2	2017	day7	active
273152	CAISGGNDQPQHF	TCRBV10-03	TCRBJ01-05	Sbj_14	1	2017	day7	active
273153	CASSLTGLGNQPQHF	TCRBV11-02	TCRBJ01-05	Sbj_14	2	2017	day7	active
273154	CASSWGSGGSQPQHF	TCRBV11-02	TCRBJ01-05	Sbj_14	1	2017	day7	active
273155	CASSGGNQPQHF	TCRBV12	TCRBJ01-05	Sbj_14	1	2017	day7	active
273156	CASSLAYQPQHF	TCRBV12	TCRBJ01-05	Sbj_14	2	2017	day7	active
273157	CASSPGGDSNQPQHF	TCRBV18-01	TCRBJ01-05	Sbj_14	1	2017	day7	active
273158	CASSPVQGDQPQHF	TCRBV18-01	TCRBJ01-05	Sbj_14	2	2017	day7	active
273159	CASFPHRGGNSNQPQHF	TCRBV19-01	TCRBJ01-05	Sbj_14	2	2017	day7	active
273160	CASGRGPRGNQPQHF	TCRBV19-01	TCRBJ01-05	Sbj_14	1	2017	day7	active
273161	CASSIGSNQPQHF	TCRBV19-01	TCRBJ01-05	Sbj_14	3	2017	day7	active
273162	CASSIQAGGINQPQHF	TCRBV19-01	TCRBJ01-05	Sbj_14	4	2017	day7	active
273163	CASSPRAGTKQPQHF	TCRBV19-01	TCRBJ01-05	Sbj_14	1	2017	day7	active
273164	CSAGEATGRGAQHF	TCRBV20	TCRBJ01-05	Sbj_14	1	2017	day7	active
273165	CSAGGDRGHQPQHF	TCRBV20	TCRBJ01-05	Sbj_14	1	2017	day7	active
273166	CSALEGGGRRNQPQHF	TCRBV20	TCRBJ01-05	Sbj_14	1	2017	day7	active
273167	CSANPRVGLYSNQPQHF	TCRBV20	TCRBJ01-05	Sbj_14	1	2017	day7	active
273168	CSAPPGDSYQPQHF	TCRBV20	TCRBJ01-05	Sbj_14	2	2017	day7	active
273169	CSARDRGQSSNQPQHF	TCRBV20	TCRBJ01-05	Sbj_14	1	2017	day7	active
273170	CSARGSKQGVGSNQPQHF	TCRBV20	TCRBJ01-05	Sbj_14	1	2017	day7	active
273171	CSARIPGQRDQPQHF	TCRBV20	TCRBJ01-05	Sbj_14	1	2017	day7	active
273172	CSARLPGHTNQPQHF	TCRBV20	TCRBJ01-05	Sbj_14	1	2017	day7	active
273173	CSARRGGGQPQHF	TCRBV20	TCRBJ01-05	Sbj_14	1	2017	day7	active
273174	CSASDGTSANQPQHF	TCRBV20	TCRBJ01-05	Sbj_14	1	2017	day7	active
273175	CSASNNQPQHF	TCRBV20-01	TCRBJ01-05	Sbj_14	1	2017	day7	active
273176	CASSIALHWHHQPQHF	TCRBV21-01	TCRBJ01-05	Sbj_14	1	2017	day7	active
273177	CASSKRRNSNQPQHF	TCRBV21-01	TCRBJ01-05	Sbj_14	2	2017	day7	active
273178	CASSTSSGEGPQHF	TCRBV21-01	TCRBJ01-05	Sbj_14	1	2017	day7	active
273179	CASSFLGEALSNQPQHF	TCRBV23-01	TCRBJ01-05	Sbj_14	1	2017	day7	active
273180	CASSETENQPQHF	TCRBV25-01	TCRBJ01-05	Sbj_14	1	2017	day7	active
273181	CASSFQSAGGNQPQHF	TCRBV27-01	TCRBJ01-05	Sbj_14	1	2017	day7	active
273182	CASSLDRFNQPQHF	TCRBV27-01	TCRBJ01-05	Sbj_14	1	2017	day7	active
273183	CAITRDPNQPQHF	TCRBV28-01	TCRBJ01-05	Sbj_14	1	2017	day7	active
273184	CASFQGYNQPQHF	TCRBV28-01	TCRBJ01-05	Sbj_14	1	2017	day7	active
273185	CASNLDSPRDQPQHF	TCRBV28-01	TCRBJ01-05	Sbj_14	2	2017	day7	active
273186	CASRYPVNNRYSNQPQHF	TCRBV28-01	TCRBJ01-05	Sbj_14	2	2017	day7	active
273187	CASSGGGNQPQHF	TCRBV28-01	TCRBJ01-05	Sbj_14	1	2017	day7	active
273188	CASSLDPGQPQHF	TCRBV28-01	TCRBJ01-05	Sbj_14	2	2017	day7	active
273189	CAWNPPTGVGNQPQHF	TCRBV30-01	TCRBJ01-05	Sbj_14	1	2017	day7	active
273190	CAWSGQGTHNQPQHF	TCRBV30-01	TCRBJ01-05	Sbj_14	1	2017	day7	active
273191	CAWSSQGQSNQPQHF	TCRBV30-01	TCRBJ01-05	Sbj_14	1	2017	day7	active
273192	CASKTAANSPLHF	TCRBV02-01	TCRBJ01-06	Sbj_14	2	2017	day7	active
273193	CASSLPGQLLSPLHF	TCRBV03	TCRBJ01-06	Sbj_14	2	2017	day7	active
273194	CASSMSSYNSPLHF	TCRBV04-02	TCRBJ01-06	Sbj_14	1	2017	day7	active
273195	CASSLALGRYNSPLHF	TCRBV05-01	TCRBJ01-06	Sbj_14	2	2017	day7	active
273196	CASSPGGSYNSPLHF	TCRBV05-01	TCRBJ01-06	Sbj_14	2	2017	day7	active
273197	CASRSSGGPTRSPLHF	TCRBV06	TCRBJ01-06	Sbj_14	1	2017	day7	active
273198	CASSDGQNSPLHF	TCRBV06-01	TCRBJ01-06	Sbj_14	1	2017	day7	active
273199	CASSEVLPDTVPLHF	TCRBV06-01	TCRBJ01-06	Sbj_14	1	2017	day7	active
273200	CASKEGRANSPLHF	TCRBV06-05	TCRBJ01-06	Sbj_14	1	2017	day7	active
273201	CASSYSGPANSPLHF	TCRBV06-05	TCRBJ01-06	Sbj_14	1	2017	day7	active
273202	CASRQLQGGTSPLHF	TCRBV06-08	TCRBJ01-06	Sbj_14	1	2017	day7	active
273203	CASSAHRSSYNSPLHF	TCRBV07-02	TCRBJ01-06	Sbj_14	1	2017	day7	active
273204	CASSPSTGGVSPLHF	TCRBV07-02	TCRBJ01-06	Sbj_14	1	2017	day7	active
273205	CASSPTGTGGTPLHF	TCRBV07-02	TCRBJ01-06	Sbj_14	1	2017	day7	active
273206	CASSFGQGDNSPLHF	TCRBV07-03	TCRBJ01-06	Sbj_14	1	2017	day7	active
273207	CASSSNPLPNSPPHF	TCRBV07-03	TCRBJ01-06	Sbj_14	1	2017	day7	active
273208	CASSTAGQGAGAPLHF	TCRBV07-06	TCRBJ01-06	Sbj_14	2	2017	day7	active
273209	CASSRGQERDLHF	TCRBV07-09	TCRBJ01-06	Sbj_14	1	2017	day7	active
273210	CASSVDATTNNSPLHF	TCRBV09-01	TCRBJ01-06	Sbj_14	1	2017	day7	active
273211	CASSVDLNNSPLHF	TCRBV09-01	TCRBJ01-06	Sbj_14	1	2017	day7	active
273212	CAIRAGQGGSPLHF	TCRBV10-03	TCRBJ01-06	Sbj_14	1	2017	day7	active
273213	CASSSRAYRSPLHF	TCRBV11-02	TCRBJ01-06	Sbj_14	1	2017	day7	active
273214	CASSLTGQGNSPLHF	TCRBV12	TCRBJ01-06	Sbj_14	1	2017	day7	active
273215	CASSRPGRANNSPLHF	TCRBV19-01	TCRBJ01-06	Sbj_14	1	2017	day7	active
273216	CATQEDRGRNSPLHF	TCRBV19-01	TCRBJ01-06	Sbj_14	1	2017	day7	active
273217	CSARGMNSPLHF	TCRBV20	TCRBJ01-06	Sbj_14	1	2017	day7	active
273218	CSVQGDKSPLHF	TCRBV20	TCRBJ01-06	Sbj_14	1	2017	day7	active
273219	CAWRGTAYNSPLHF	TCRBV30-01	TCRBJ01-06	Sbj_14	2	2017	day7	active
273220	CASSDLAGVRPYEQFF	TCRBV02-01	TCRBJ02-01	Sbj_14	1	2017	day7	active
273221	CARASAFPFHSDNEQFF	TCRBV03	TCRBJ02-01	Sbj_14	1	2017	day7	active
273222	CASSQEVEGISYNEQFF	TCRBV03	TCRBJ02-01	Sbj_14	1	2017	day7	active
273223	CASSQGLAGGFGSYNEQFF	TCRBV04-03	TCRBJ02-01	Sbj_14	1	2017	day7	active
273224	CASHGDEQFF	TCRBV05-01	TCRBJ02-01	Sbj_14	1	2017	day7	active
273225	CASSFPTSGDLSSYNEQFF	TCRBV05-01	TCRBJ02-01	Sbj_14	3	2017	day7	active
273226	CASSSRLAGGPGGIEQFF	TCRBV06	TCRBJ02-01	Sbj_14	1	2017	day7	active
273227	CASSGRQGPYNEQFF	TCRBV06-01	TCRBJ02-01	Sbj_14	1	2017	day7	active
273228	CASSEEVGYGEQFF	TCRBV06-04	TCRBJ02-01	Sbj_14	1	2017	day7	active
273229	CASSRQGARNEQFF	TCRBV06-05	TCRBJ02-01	Sbj_14	1	2017	day7	active
273230	CASSRLIGLAGGVEQFF	TCRBV07-02	TCRBJ02-01	Sbj_14	1	2017	day7	active
273231	CASSLSGLAGGLDLNEQFF	TCRBV07-03	TCRBJ02-01	Sbj_14	1	2017	day7	active
273232	CASSRGGGTPPRYNEQFF	TCRBV07-09	TCRBJ02-01	Sbj_14	2	2017	day7	active
273233	CASSPNWDRGNEQFF	TCRBV09-01	TCRBJ02-01	Sbj_14	1	2017	day7	active
273234	CASSTRQGAWNEQFF	TCRBV09-01	TCRBJ02-01	Sbj_14	1	2017	day7	active
273235	CASSVGLAGTDNEQFF	TCRBV09-01	TCRBJ02-01	Sbj_14	1	2017	day7	active
273236	CASSDRTASPYNEQFF	TCRBV11-01	TCRBJ02-01	Sbj_14	3	2017	day7	active
273237	CASSFGDSYNEQFF	TCRBV11-03	TCRBJ02-01	Sbj_14	1	2017	day7	active
273238	CASSGGDPQDNEQFF	TCRBV11-03	TCRBJ02-01	Sbj_14	1	2017	day7	active
273239	CASGLDYEQFF	TCRBV12-05	TCRBJ02-01	Sbj_14	1	2017	day7	active
273240	CASVPGQGYNEQFF	TCRBV12-05	TCRBJ02-01	Sbj_14	1	2017	day7	active
273241	CASSPPSVSYNEQFF	TCRBV18-01	TCRBJ02-01	Sbj_14	1	2017	day7	active
273242	CASSIPSGLGGEQFF	TCRBV19-01	TCRBJ02-01	Sbj_14	2	2017	day7	active
273243	CSARALTGNFLDEQFF	TCRBV20	TCRBJ02-01	Sbj_14	1	2017	day7	active
273244	CSARAPLAGKNEQFF	TCRBV20	TCRBJ02-01	Sbj_14	1	2017	day7	active
273245	CSARDQGRTAYNEQFF	TCRBV20	TCRBJ02-01	Sbj_14	2	2017	day7	active
273246	CSARRRGRHFGEQFF	TCRBV20	TCRBJ02-01	Sbj_14	1	2017	day7	active
273247	CSARTPGNEQFF	TCRBV20	TCRBJ02-01	Sbj_14	1	2017	day7	active
273248	CASSEGVGRDNEQFF	TCRBV25-01	TCRBJ02-01	Sbj_14	1	2017	day7	active
273249	CASSHRVVDEQFF	TCRBV27-01	TCRBJ02-01	Sbj_14	1	2017	day7	active
273250	CASITLAGGLYNEQFF	TCRBV28-01	TCRBJ02-01	Sbj_14	1	2017	day7	active
273251	CASSSAGIHSSEQFF	TCRBV28-01	TCRBJ02-01	Sbj_14	1	2017	day7	active
273252	CSVTGTGNAEQFF	TCRBV29-01	TCRBJ02-01	Sbj_14	1	2017	day7	active
273253	CASTSRADGELFF	TCRBV02-01	TCRBJ02-02	Sbj_14	1	2017	day7	active
273254	CASSLQGATGELFF	TCRBV05-01	TCRBJ02-02	Sbj_14	1	2017	day7	active
273255	CASSLSMGSTGELFF	TCRBV05-04	TCRBJ02-02	Sbj_14	2	2017	day7	active
273256	CASSQTGAGELFF	TCRBV06-01	TCRBJ02-02	Sbj_14	1	2017	day7	active
273257	CASSVASGTGELFF	TCRBV06-01	TCRBJ02-02	Sbj_14	1	2017	day7	active
273258	CASSEAGGTGELFF	TCRBV06-04	TCRBJ02-02	Sbj_14	1	2017	day7	active
273259	CASSYLRAGELFF	TCRBV06-05	TCRBJ02-02	Sbj_14	1	2017	day7	active
273260	CASRKTGASTGELFF	TCRBV06-06	TCRBJ02-02	Sbj_14	2	2017	day7	active
273261	CASSLDQGGTGELFF	TCRBV07-02	TCRBJ02-02	Sbj_14	1	2017	day7	active
273262	CASSSTRWSNTGELFF	TCRBV09-01	TCRBJ02-02	Sbj_14	1	2017	day7	active
273263	CASSRNPGQTGELFF	TCRBV11-01	TCRBJ02-02	Sbj_14	1	2017	day7	active
273264	CASSLEVTGGRTGELFF	TCRBV11-02	TCRBJ02-02	Sbj_14	1	2017	day7	active
273265	CASSLGLFANTGELFF	TCRBV11-02	TCRBJ02-02	Sbj_14	1	2017	day7	active
273266	CASTPPGRTGELFF	TCRBV11-02	TCRBJ02-02	Sbj_14	2	2017	day7	active
273267	CASSFRGPNTGELFF	TCRBV11-03	TCRBJ02-02	Sbj_14	1	2017	day7	active
273268	CASIGGNWGGELFF	TCRBV12	TCRBJ02-02	Sbj_14	1	2017	day7	active
273269	CASRTGTSSTGELFF	TCRBV12	TCRBJ02-02	Sbj_14	1	2017	day7	active
273270	CASSFVGELFF	TCRBV12	TCRBJ02-02	Sbj_14	1	2017	day7	active
273271	CASSPTSGPTGELFF	TCRBV12	TCRBJ02-02	Sbj_14	1	2017	day7	active
273272	CASSFYTTGGPGELFF	TCRBV13-01	TCRBJ02-02	Sbj_14	1	2017	day7	active
273273	CASSPPRANTGELFF	TCRBV18-01	TCRBJ02-02	Sbj_14	1	2017	day7	active
273274	CASSPQAGTGNTGELFF	TCRBV18-01	TCRBJ02-02	Sbj_14	2	2017	day7	active
273275	CASGRGGPTGELFF	TCRBV19-01	TCRBJ02-02	Sbj_14	1	2017	day7	active
273276	CASHRDYATGELFF	TCRBV19-01	TCRBJ02-02	Sbj_14	1	2017	day7	active
273277	CATPGGTLSGELFF	TCRBV19-01	TCRBJ02-02	Sbj_14	1	2017	day7	active
273278	CATAGGAGGSNTGELFF	TCRBV24	TCRBJ02-02	Sbj_14	1	2017	day7	active
273279	CATSGLAGVAGELFF	TCRBV24	TCRBJ02-02	Sbj_14	1	2017	day7	active
273280	CASSGYGTGELFF	TCRBV25-01	TCRBJ02-02	Sbj_14	1	2017	day7	active
273281	CASNPSPGLAGGRHTGELFF	TCRBV27-01	TCRBJ02-02	Sbj_14	1	2017	day7	active
273282	CASSHPRRGVTGELFF	TCRBV27-01	TCRBJ02-02	Sbj_14	1	2017	day7	active
273283	CASSTVRGELFF	TCRBV28-01	TCRBJ02-02	Sbj_14	1	2017	day7	active
273284	CASSSVHYGLEVGPNTGELFF		TCRBJ02-02	Sbj_14	1	2017	day7	active
273285	CASSDDRGAGDTQYF	TCRBV02-01	TCRBJ02-03	Sbj_14	2	2017	day7	active
273286	CASSEGASGVGPDTQYF	TCRBV02-01	TCRBJ02-03	Sbj_14	2	2017	day7	active
273287	CASSLSFVMQDTQYF	TCRBV03	TCRBJ02-03	Sbj_14	1	2017	day7	active
273288	CASSQAGGGTDTQYF	TCRBV04-02	TCRBJ02-03	Sbj_14	1	2017	day7	active
273289	CASSQEGLGGTDTQYF	TCRBV04-03	TCRBJ02-03	Sbj_14	1	2017	day7	active
273290	CASSRNGALGTDTQYF	TCRBV04-03	TCRBJ02-03	Sbj_14	1	2017	day7	active
273291	CASSFMGGGTDTQYF	TCRBV05-01	TCRBJ02-03	Sbj_14	1	2017	day7	active
273292	CASSLAGVAGTTDTQYF	TCRBV05-01	TCRBJ02-03	Sbj_14	3	2017	day7	active
273293	CASSLGQTTDTQYF	TCRBV05-01	TCRBJ02-03	Sbj_14	1	2017	day7	active
273294	CASSLQTPGGGTDTQYF	TCRBV05-01	TCRBJ02-03	Sbj_14	1	2017	day7	active
273295	CASSLAGGVTDTQYF	TCRBV05-06	TCRBJ02-03	Sbj_14	1	2017	day7	active
273296	CASSYSGVDTQYF	TCRBV06	TCRBJ02-03	Sbj_14	2	2017	day7	active
273297	CASSYVRIGTDTQYF	TCRBV06	TCRBJ02-03	Sbj_14	1	2017	day7	active
273298	CASSEDWSADTQYF	TCRBV06-01	TCRBJ02-03	Sbj_14	1	2017	day7	active
273299	CASEPGAGDTQYF	TCRBV06-05	TCRBJ02-03	Sbj_14	1	2017	day7	active
273300	CASSRGANADTQYF	TCRBV06-05	TCRBJ02-03	Sbj_14	1	2017	day7	active
273301	CASSPGGPTSTDTQYF	TCRBV06-06	TCRBJ02-03	Sbj_14	1	2017	day7	active
273302	CASSSRVHPGTDTQYF	TCRBV06-06	TCRBJ02-03	Sbj_14	1	2017	day7	active
273303	CASSLSGGAGTDTQYF	TCRBV07-02	TCRBJ02-03	Sbj_14	1	2017	day7	active
273304	CASSPSLGDTQYF	TCRBV07-02	TCRBJ02-03	Sbj_14	1	2017	day7	active
273305	CASSPTTSTDTQYF	TCRBV07-02	TCRBJ02-03	Sbj_14	1	2017	day7	active
273306	CASSGAGETDTQYF	TCRBV07-03	TCRBJ02-03	Sbj_14	1	2017	day7	active
273307	CASSVGAGGTDTQYF	TCRBV09-01	TCRBJ02-03	Sbj_14	1	2017	day7	active
273308	CASSVGQQGDTQYF	TCRBV09-01	TCRBJ02-03	Sbj_14	1	2017	day7	active
273309	CAIRGQGREDTQYF	TCRBV10-03	TCRBJ02-03	Sbj_14	1	2017	day7	active
273310	CASSSDRATQYF	TCRBV11-03	TCRBJ02-03	Sbj_14	1	2017	day7	active
273311	CASSDKGSGTDTQYF	TCRBV12	TCRBJ02-03	Sbj_14	1	2017	day7	active
273312	CASSGGQGFSDTQYF	TCRBV12	TCRBJ02-03	Sbj_14	1	2017	day7	active
273313	CASSLGDRSTDTQYF	TCRBV12	TCRBJ02-03	Sbj_14	1	2017	day7	active
273314	CASSLGGSTDTQYF	TCRBV12	TCRBJ02-03	Sbj_14	2	2017	day7	active
273315	CASSLVGGRGTDTQYF	TCRBV12	TCRBJ02-03	Sbj_14	1	2017	day7	active
273316	CASSSGQGARDTQYF	TCRBV12	TCRBJ02-03	Sbj_14	1	2017	day7	active
273317	CASSSQGPLTQYF	TCRBV12	TCRBJ02-03	Sbj_14	1	2017	day7	active
273318	CASGPLGQADTQYF	TCRBV12-05	TCRBJ02-03	Sbj_14	2	2017	day7	active
273319	CATSSTSADTQYF	TCRBV15-01	TCRBJ02-03	Sbj_14	1	2017	day7	active
273320	CASSPPSNKALGLQYF	TCRBV18-01	TCRBJ02-03	Sbj_14	1	2017	day7	active
273321	CASGTSGTDTQYF	TCRBV19-01	TCRBJ02-03	Sbj_14	1	2017	day7	active
273322	CASRTSGGKDTQYF	TCRBV19-01	TCRBJ02-03	Sbj_14	1	2017	day7	active
273323	CASSPGAGGTDTQYF	TCRBV19-01	TCRBJ02-03	Sbj_14	1	2017	day7	active
273324	CSALLSPRDRNTQYF	TCRBV20	TCRBJ02-03	Sbj_14	1	2017	day7	active
273325	CSAPSRTVTSTDTQYF	TCRBV20	TCRBJ02-03	Sbj_14	1	2017	day7	active
273326	CSARGQGGWSGDTQYF	TCRBV20	TCRBJ02-03	Sbj_14	1	2017	day7	active
273327	CSARLAGFSDTQYF	TCRBV20	TCRBJ02-03	Sbj_14	1	2017	day7	active
273328	CSAVIGGPEDTQYF	TCRBV20	TCRBJ02-03	Sbj_14	2	2017	day7	active
273329	CASRYQIAVMQDTQYF	TCRBV21-01	TCRBJ02-03	Sbj_14	1	2017	day7	active
273330	CASAGGGSDTQYF	TCRBV25-01	TCRBJ02-03	Sbj_14	1	2017	day7	active
273331	CASSLWRGGDTQYF	TCRBV27-01	TCRBJ02-03	Sbj_14	1	2017	day7	active
273332	CASRPGQRTDTQYF	TCRBV28-01	TCRBJ02-03	Sbj_14	1	2017	day7	active
273333	CAWSVTEYTDTQYF	TCRBV30-01	TCRBJ02-03	Sbj_14	1	2017	day7	active
273334	CASSEALRNIQYF	TCRBV02-01	TCRBJ02-04	Sbj_14	1	2017	day7	active
273335	CASSQGDGGNIQYF	TCRBV03	TCRBJ02-04	Sbj_14	1	2017	day7	active
273336	CASSYPGMGGDIQYF	TCRBV06-06	TCRBJ02-04	Sbj_14	1	2017	day7	active
273337	CASSFEENIQYF	TCRBV12	TCRBJ02-04	Sbj_14	1	2017	day7	active
273338	CASSHSTSGGAGHIQYF	TCRBV12	TCRBJ02-04	Sbj_14	2	2017	day7	active
273339	CASSSSGAKTKNIQYF	TCRBV12	TCRBJ02-04	Sbj_14	1	2017	day7	active
273340	CASGLVGRNIQYF	TCRBV12-05	TCRBJ02-04	Sbj_14	2	2017	day7	active
273341	CSARVGPAGQINKNIQYF	TCRBV20	TCRBJ02-04	Sbj_14	1	2017	day7	active
273342	CASSLRSVSKNIQYF	TCRBV28-01	TCRBJ02-04	Sbj_14	1	2017	day7	active
273343	CASSDGGRGETQYF	TCRBV02-01	TCRBJ02-05	Sbj_14	1	2017	day7	active
273344	CASSQRTVSETQYF	TCRBV02-01	TCRBJ02-05	Sbj_14	1	2017	day7	active
273345	CASSQDDRARSETQYF	TCRBV03	TCRBJ02-05	Sbj_14	1	2017	day7	active
273346	CASSQEGPGQGRETQYF	TCRBV04-03	TCRBJ02-05	Sbj_14	1	2017	day7	active
273347	CASSLAPGTGVETQYF	TCRBV05-01	TCRBJ02-05	Sbj_14	1	2017	day7	active
273348	CASSVGRIQETQYF	TCRBV05-01	TCRBJ02-05	Sbj_14	1	2017	day7	active
273349	CASSPGSAWETQYF	TCRBV05-06	TCRBJ02-05	Sbj_14	1	2017	day7	active
273350	CASGGNTLRYF	TCRBV06	TCRBJ02-05	Sbj_14	1	2017	day7	active
273351	CASSYAGPSQETQYF	TCRBV06-05	TCRBJ02-05	Sbj_14	1	2017	day7	active
273352	CASSRTTLGGGETQYF	TCRBV07-08	TCRBJ02-05	Sbj_14	1	2017	day7	active
273353	CASSVGVAEMQETQYF	TCRBV09-01	TCRBJ02-05	Sbj_14	1	2017	day7	active
273354	CASSPRPQETQYF	TCRBV11-02	TCRBJ02-05	Sbj_14	1	2017	day7	active
273355	CASSRDRSQETQYF	TCRBV11-02	TCRBJ02-05	Sbj_14	1	2017	day7	active
273356	CASIGLDQETQYF	TCRBV19-01	TCRBJ02-05	Sbj_14	1	2017	day7	active
273357	CASSIRQGIARQETQYF	TCRBV19-01	TCRBJ02-05	Sbj_14	1	2017	day7	active
273358	CASSRRQVPQETQYF	TCRBV19-01	TCRBJ02-05	Sbj_14	1	2017	day7	active
273359	CSAEPSGGKWETQYF	TCRBV20	TCRBJ02-05	Sbj_14	1	2017	day7	active
273360	CSAITGLRRETQYF	TCRBV20	TCRBJ02-05	Sbj_14	1	2017	day7	active
273361	CSANGEYQETQYF	TCRBV20	TCRBJ02-05	Sbj_14	1	2017	day7	active
273362	CSARDSGTATQYF	TCRBV20	TCRBJ02-05	Sbj_14	1	2017	day7	active
273363	CSASSETGLRRGTQYF	TCRBV20	TCRBJ02-05	Sbj_14	1	2017	day7	active
273364	CSASVGGYEETQYF	TCRBV20	TCRBJ02-05	Sbj_14	1	2017	day7	active
273365	CASSLPSGRKETQYF	TCRBV28-01	TCRBJ02-05	Sbj_14	1	2017	day7	active
273366	CASSQDRGSGANVLTF	TCRBV04-03	TCRBJ02-06	Sbj_14	1	2017	day7	active
273367	CASSQESGAGGANVLTF	TCRBV04-03	TCRBJ02-06	Sbj_14	1	2017	day7	active
273368	CASSRDYGGTFSSGANVLTF	TCRBV04-03	TCRBJ02-06	Sbj_14	1	2017	day7	active
273369	CASDLGHRVSSGANVLTF	TCRBV05-01	TCRBJ02-06	Sbj_14	1	2017	day7	active
273370	CASSIDWRRQSRANVLTF	TCRBV07-02	TCRBJ02-06	Sbj_14	2	2017	day7	active
273371	CASGTGGAPGANVLTF	TCRBV07-09	TCRBJ02-06	Sbj_14	1	2017	day7	active
273372	CASSLSSGANVLTF	TCRBV12	TCRBJ02-06	Sbj_14	1	2017	day7	active
273373	CASSTRAGANVLTF	TCRBV19-01	TCRBJ02-06	Sbj_14	1	2017	day7	active
273374	CASKYGAAGANVLTF	TCRBV25-01	TCRBJ02-06	Sbj_14	1	2017	day7	active
273375	CASSLSPGAWSGANVLTF	TCRBV27-01	TCRBJ02-06	Sbj_14	1	2017	day7	active
273376	CASRKLTLRGSGANVLTF	TCRBV28-01	TCRBJ02-06	Sbj_14	1	2017	day7	active
273377	CALEGAGANVLTF	TCRBV30-01	TCRBJ02-06	Sbj_14	1	2017	day7	active
273378	CARGARDEQYF	TCRBV02-01	TCRBJ02-07	Sbj_14	6	2017	day7	active
273379	CASKGGRSEQYF	TCRBV02-01	TCRBJ02-07	Sbj_14	1	2017	day7	active
273380	CASKRRQGRLNDEQYF	TCRBV02-01	TCRBJ02-07	Sbj_14	1	2017	day7	active
273381	CASRTRGGEQYF	TCRBV03	TCRBJ02-07	Sbj_14	2	2017	day7	active
273382	CASSARFPIVLDEQYF	TCRBV03	TCRBJ02-07	Sbj_14	2	2017	day7	active
273383	CASSQNTGPYEQYF	TCRBV04-03	TCRBJ02-07	Sbj_14	1	2017	day7	active
273384	CASSLAAGAYEQYF	TCRBV05-01	TCRBJ02-07	Sbj_14	1	2017	day7	active
273385	CASSLGPPGQGILNF	TCRBV05-01	TCRBJ02-07	Sbj_14	3	2017	day7	active
273386	CASSLVGGSYEQYF	TCRBV05-01	TCRBJ02-07	Sbj_14	1	2017	day7	active
273387	CASSPTQTAGDEQYF	TCRBV05-01	TCRBJ02-07	Sbj_14	1	2017	day7	active
273388	CARRLLSGPRRSYEQYF	TCRBV05-03	TCRBJ02-07	Sbj_14	1	2017	day7	active
273389	CASAIGPSYEQYF	TCRBV05-04	TCRBJ02-07	Sbj_14	1	2017	day7	active
273390	CASSLGRTYEQYF	TCRBV05-04	TCRBJ02-07	Sbj_14	1	2017	day7	active
273391	CASSRDRASYEQYF	TCRBV05-04	TCRBJ02-07	Sbj_14	2	2017	day7	active
273392	CASSLSRAGSYEQYF	TCRBV05-05	TCRBJ02-07	Sbj_14	2	2017	day7	active
273393	CASSGTGIGQYF	TCRBV05-06	TCRBJ02-07	Sbj_14	1	2017	day7	active
273394	CASSPTQTFRSYEQYF	TCRBV05-06	TCRBJ02-07	Sbj_14	1	2017	day7	active
273395	CASSLSSEATYEQYF	TCRBV05-08	TCRBJ02-07	Sbj_14	2	2017	day7	active
273396	CARGRREGQGGLSYEQYF	TCRBV06	TCRBJ02-07	Sbj_14	2	2017	day7	active
273397	CASRRDQGYEQYF	TCRBV06	TCRBJ02-07	Sbj_14	1	2017	day7	active
273398	CASRRVHEQYF	TCRBV06	TCRBJ02-07	Sbj_14	2	2017	day7	active
273399	CASSLRQGGEQYF	TCRBV06	TCRBJ02-07	Sbj_14	2	2017	day7	active
273400	CASSYSGLGSGIVTYEQYF	TCRBV06	TCRBJ02-07	Sbj_14	1	2017	day7	active
273401	CASSDQGVSEQYF	TCRBV06-01	TCRBJ02-07	Sbj_14	1	2017	day7	active
273402	CASSEVAGSPQYF	TCRBV06-01	TCRBJ02-07	Sbj_14	1	2017	day7	active
273403	CASSPTRDSFEQYF	TCRBV06-01	TCRBJ02-07	Sbj_14	1	2017	day7	active
273404	CATVSGGRIDYEQYF	TCRBV06-01	TCRBJ02-07	Sbj_14	1	2017	day7	active
273405	CASRLSYASYEQYF	TCRBV06-05	TCRBJ02-07	Sbj_14	2	2017	day7	active
273406	CASRVGQGPYEQYF	TCRBV06-05	TCRBJ02-07	Sbj_14	1	2017	day7	active
273407	CASRVGQSNTYEQYF	TCRBV06-05	TCRBJ02-07	Sbj_14	2	2017	day7	active
273408	CASSRETGIGEQYF	TCRBV06-05	TCRBJ02-07	Sbj_14	1	2017	day7	active
273409	CASSYALAGEPYEQYF	TCRBV06-05	TCRBJ02-07	Sbj_14	2	2017	day7	active
273410	CASRKPDRGLDEQYF	TCRBV06-06	TCRBJ02-07	Sbj_14	1	2017	day7	active
273411	CASSYYEGRRYEQYF	TCRBV06-06	TCRBJ02-07	Sbj_14	1	2017	day7	active
273412	CASSLDEQPYEQYF	TCRBV07-02	TCRBJ02-07	Sbj_14	1	2017	day7	active
273413	CASSTGTGYYEQYF	TCRBV07-02	TCRBJ02-07	Sbj_14	3	2017	day7	active
273414	CASSIQGAEVDEQYF	TCRBV07-03	TCRBJ02-07	Sbj_14	1	2017	day7	active
273415	CASSLLGGTGYEQYF	TCRBV07-03	TCRBJ02-07	Sbj_14	1	2017	day7	active
273416	CASSRDSSSYEQYF	TCRBV07-03	TCRBJ02-07	Sbj_14	2	2017	day7	active
273417	CASSQDTYEQYF	TCRBV07-08	TCRBJ02-07	Sbj_14	1	2017	day7	active
273418	CASGDGGYEQYF	TCRBV07-09	TCRBJ02-07	Sbj_14	1	2017	day7	active
273419	CASSLVAGNEQYF	TCRBV07-09	TCRBJ02-07	Sbj_14	2	2017	day7	active
273420	CASSQIGEQYF	TCRBV07-09	TCRBJ02-07	Sbj_14	2	2017	day7	active
273421	CASSRPDADYEQYF	TCRBV07-09	TCRBJ02-07	Sbj_14	1	2017	day7	active
273422	CASSATGTRTYEQYF	TCRBV09-01	TCRBJ02-07	Sbj_14	1	2017	day7	active
273423	CASSVAQTPGVEQYF	TCRBV09-01	TCRBJ02-07	Sbj_14	1	2017	day7	active
273424	CASSVGQGGNEQYF	TCRBV09-01	TCRBJ02-07	Sbj_14	1	2017	day7	active
273425	CASSLGVGQGEQYF	TCRBV11-02	TCRBJ02-07	Sbj_14	2	2017	day7	active
273426	CASSFSRYEQYF	TCRBV12	TCRBJ02-07	Sbj_14	2	2017	day7	active
273427	CASSKFSGQGVEQYF	TCRBV12	TCRBJ02-07	Sbj_14	1	2017	day7	active
273428	CASSLAGAEQYF	TCRBV12	TCRBJ02-07	Sbj_14	1	2017	day7	active
273429	CASSLGFEQYF	TCRBV12	TCRBJ02-07	Sbj_14	1	2017	day7	active
273430	CASSPPHSYEQYF	TCRBV12	TCRBJ02-07	Sbj_14	1	2017	day7	active
273431	CASSSTGTGGTVGYEQYF	TCRBV12	TCRBJ02-07	Sbj_14	1	2017	day7	active
273432	CASTSGLTYEQYF	TCRBV12	TCRBJ02-07	Sbj_14	1	2017	day7	active
273433	CASGPPYEQYF	TCRBV12-05	TCRBJ02-07	Sbj_14	1	2017	day7	active
273434	CASSRRTSYEQYF	TCRBV13-01	TCRBJ02-07	Sbj_14	1	2017	day7	active
273435	CASSPGPAEQYF	TCRBV18-01	TCRBJ02-07	Sbj_14	1	2017	day7	active
273436	CASSPLGAGASSYEQYF	TCRBV18-01	TCRBJ02-07	Sbj_14	1	2017	day7	active
273437	CASSPQSRYSYEQYF	TCRBV18-01	TCRBJ02-07	Sbj_14	1	2017	day7	active
273438	CAKTRTGLPYEQYF	TCRBV19-01	TCRBJ02-07	Sbj_14	1	2017	day7	active
273439	CASRRAGRGSYEQYF	TCRBV19-01	TCRBJ02-07	Sbj_14	1	2017	day7	active
273440	CASSIRGGYEQYF	TCRBV19-01	TCRBJ02-07	Sbj_14	2	2017	day7	active
273441	CASSIRTEGEQYF	TCRBV19-01	TCRBJ02-07	Sbj_14	1	2017	day7	active
273442	CSAAGGGSEQYF	TCRBV20	TCRBJ02-07	Sbj_14	1	2017	day7	active
273443	CSAESPGQGNEQYF	TCRBV20	TCRBJ02-07	Sbj_14	1	2017	day7	active
273444	CSAFSGGGYEQYF	TCRBV20	TCRBJ02-07	Sbj_14	1	2017	day7	active
273445	CSARGGHLGEQYF	TCRBV20	TCRBJ02-07	Sbj_14	2	2017	day7	active
273446	CSARPGGSYEQYF	TCRBV20	TCRBJ02-07	Sbj_14	1	2017	day7	active
273447	CSARRGQGAEEQYF	TCRBV20	TCRBJ02-07	Sbj_14	1	2017	day7	active
273448	CSARTGGGTYEQYF	TCRBV20	TCRBJ02-07	Sbj_14	1	2017	day7	active
273449	CSARVAGGFYEQYF	TCRBV20	TCRBJ02-07	Sbj_14	1	2017	day7	active
273450	CSARVGGLDRDLQTYEQYF	TCRBV20	TCRBJ02-07	Sbj_14	1	2017	day7	active
273451	CATRRLAVPYEQYF	TCRBV24	TCRBJ02-07	Sbj_14	1	2017	day7	active
273452	CASSAIQGFSYEQYF	TCRBV25-01	TCRBJ02-07	Sbj_14	1	2017	day7	active
273453	CASSFQEGYEQYF	TCRBV27-01	TCRBJ02-07	Sbj_14	1	2017	day7	active
273454	CASSWDGSSYEQYF	TCRBV27-01	TCRBJ02-07	Sbj_14	2	2017	day7	active
273455	CASSLGWARWTSGAPSSYEQYF	TCRBV28-01	TCRBJ02-07	Sbj_14	1	2017	day7	active
273456	CASSLPGQGWEQYF	TCRBV28-01	TCRBJ02-07	Sbj_14	1	2017	day7	active
273457	CASSSPGQGVQYF	TCRBV28-01	TCRBJ02-07	Sbj_14	1	2017	day7	active
273458	CASSSRITYEQYF	TCRBV28-01	TCRBJ02-07	Sbj_14	1	2017	day7	active
273459	CASSSVGTAGEQYF	TCRBV28-01	TCRBJ02-07	Sbj_14	1	2017	day7	active
273460	CASTHSAEQYF	TCRBV28-01	TCRBJ02-07	Sbj_14	1	2017	day7	active
273461	CSVRQNSYEQYF	TCRBV29-01	TCRBJ02-07	Sbj_14	1	2017	day7	active
273462	CSVVGGQGIGLYEQYF	TCRBV29-01	TCRBJ02-07	Sbj_14	1	2017	day7	active
273463	CAWSHLDEQYF	TCRBV30-01	TCRBJ02-07	Sbj_14	1	2017	day7	active
